Date,Day_Of_Week,Mod_Development_Hours,Programming_Screen_Time,Total_Screen_Time,Coffee_Intake,Tea_Intake,Git_Commits,Tasks_Completed,Sleep_Duration,Mood_Rating,Energy_Level,Focus_Quality,Motivation_Level,Work_Session_Count,Work_Session_Timing,Primary_Focus_Area,Other_Deadlines_Present
"March 01, 2026",Sunday,2,0,17.267,3,0,0,2,4.667,4,3,4,3,1,10:03 PM - 11:59 PM,Modeling / Animation,1
"March 02, 2026",Monday,5.883,0,11.816,0,0,0,0,5.85,3,3,3,2,1,12:00 AM - 5:53 AM,Modeling / Animation,2
"March 03, 2026",Tuesday,0,0,11.683,0,0,0,0,8.983,3,3,4,3,0,N/A,N/A,2
"March 04, 2026",Wednesday,0,0,16.733,1,0,0,0,3.583,3,2,2,4,0,N/A,N/A,2
"March 05, 2026",Thursday,0,0,9.666,0,0,0,0,1.7,2,1,1,2,0,N/A,N/A,1
"March 06, 2026",Friday,0,1.433,10.483,3,0,0,0,3.5,4,2,2,3,0,N/A,N/A,3
"March 07, 2026",Saturday,0,0,10.7493,1,0,0,0,2.6273,2,1,1,1,0,N/A,N/A,3
"March 08, 2026",Sunday,0,0,14.733,1,0,0,0,9.133,3,2,2,2,0,N/A,N/A,3
"March 09, 2026",Monday,3.1,1.65,14.249,1,0,0,1,5.583,3,3,3,3,1,08:53 PM - 11:59 PM,Entity Class Refactor / Texturing,3
"March 10, 2026",Tuesday,5.65,0,12.2,1,0,0,2,8.183,3,4,4,4,3,12:00 AM - 12:40 AM / 10:47 AM - 12:04 PM / 2:08 PM - 5:50 PM,Texturing / Animation,3
"March 11, 2026",Wednesday,0,0,13.8,0,0,0,0,4.25,3,3,3,3,0,N/A,N/A,4
"March 12, 2026",Thursday,0,0,12.917,0,0,0,0,8.6,2,3,2,2,0,N/A,N/A,4
"March 13, 2026",Friday,0,0,15.9,0,0,0,0,4.683,3,2,2,2,0,N/A,N/A,4
"March 14, 2026",Saturday,0,0,9.384,3,1,0,0,3.6,3,1,2,3,0,N/A,N/A,3
"March 15, 2026",Sunday,0,0,10.917,0,0,0,0,8.85,3,2,2,2,0,N/A,N/A,3
"March 16, 2026",Monday,0,8.617,11.967,3,0,0,0,2.217,2,1,3,1,0,N/A,N/A,3
"March 17, 2026",Tuesday,0,0,11.984,3,0,0,0,6.617,2,4,2,3,0,N/A,N/A,3
"March 18, 2026",Wednesday,0,0,14.217,0,0,0,0,6.1,3,3,4,3,0,N/A,N/A,3
"March 19, 2026",Thursday,3.7,3.7,14.184,4,0,0,0,6.55,4,5,5,5,1,8:17 AM - 11:59 PM,Entity Class Refactor,3
"March 20, 2026",Friday,12.4,12.4,18.55,2,0,1,0,3.867,3,2,4,5,1,12:00 AM - 12:34 PM,Entity Class Refactor,3
"March 21, 2026",Saturday,0,0,8.25,0,0,0,0,3.933,4,3,2,3,0,N/A,N/A,3
"March 22, 2026",Sunday,0,0,11.233,0,0,0,0,9.267,4,4,3,4,0,N/A,N/A,3
"March 23, 2026",Monday,0,0,11.2,0,0,0,0,6.933,2,2,1,2,0,N/A,N/A,3
"March 24, 2026",Tuesday,4.683,13.1,17.417,2,0,2,0,0,4,2,3,1,1,12:09 AM - 4:50 AM,Entity Class Refactor / Animation / Fixes / Modeling,3
"March 25, 2026",Wednesday,0,0,8.283,0,0,0,0,6.6,3,3,3,3,0,N/A,N/A,3
"March 26, 2026",Thursday,2.5,0.617,14.55,3,0,0,1,5.65,4,2,3,2,2,3:24 AM - 5:24 AM / 11:29 PM - 11:59 PM,Animation Fix / Model Fix,3
"March 27, 2026",Friday,8.117,0,13.217,3,0,0,0,5.567,2,1,1,2,2,12:00 AM - 2:25 AM / 3:49 AM - 9:31 AM,Modeling,3
"March 28, 2026",Saturday,0,0,12.317,1,0,0,0,4.817,3,2,2,3,0,N/A,N/A,3
"March 29, 2026",Sunday,5.367,0.783,18.45,3,0,1,2,0,1,1,2,2,1,6:35 AM - 11:57 AM,Animation Fix / Model Fix,3
"March 30, 2026",Monday,0,0,3,0,0,0,0,10.717,3,3,2,2,0,N/A,N/A,3
"March 31, 2026",Tuesday,0,0,8.033,1,0,0,0,2.617,5,2,3,3,0,N/A,N/A,3
"April 01, 2026",Wednesday,0,0,8.317,0,0,0,0,9.3,4,2,2,3,0,N/A,N/A,3
"April 02, 2026",Thursday,0,0,8.45,1,0,0,0,2.233,3,3,3,3,0,N/A,N/A,3
"April 03, 2026",Friday,2.467,2.467,8.884,3,0,1,1,5.55,2,3,4,4,2,2:02 AM - 2:23 AM / 2:44 PM - 4:51 PM,Bug Fixes / Documentation / Feature Implementation,3
"April 04, 2026",Saturday,0,0,4.566,1,0,0,0,6.383,3,3,2,2,0,N/A,N/A,3
"April 05, 2026",Sunday,2.816,2.816,6.383,0,0,0,0,0,1,1,1,2,2,5:43 AM - 7:36 AM / 2:23 PM - 3:19 PM,Particle Feature Re-implementation,3
"April 06, 2026",Monday,2.217,2.217,17.3,0,0,0,0,6.383,3,2,1,3,1,2:17 AM - 4:30 AM,Particle Feature Re-implementation,3
"April 07, 2026",Tuesday,6.7003,6.7003,15.05,1,0,3,2,0,5,2,3,4,2,6:59 AM - 1:39 PM / 4:45 PM - 4:47 PM,Base Class Refactorization / GitHub Action Fixes,4
"April 08, 2026",Wednesday,4.15,4.15,17.15,1,0,0,0,5.45,3,3,2,3,1,7:50 PM - 11:59 PM,Projectile Entity Re-Implementation / Base Class Refactorization,3
"April 09, 2026",Thursday,2.8,2.8,9.316,0,0,1,1,6.95,3,2,2,2,2,12:00 AM - 1:09 AM / 2:22 AM - 4:01 AM,Projectile Entity Re-Implementation / Base Class Refactorization,3
"April 10, 2026",Friday,0,0,6.534,0,0,0,0,5.417,4,4,2,1,0,N/A,N/A,3
"April 11, 2026",Saturday,0,0,16.7,4,0,0,0,0,3,2,3,4,0,N/A,N/A,3
"April 12, 2026",Sunday,3.516,3.516,11.133,4,0,1,1,0,2,3,2,1,2,5:30 AM - 8:32 AM / 11:23 AM - 11:52 AM,Bug Fixes,3
"April 13, 2026",Monday,0,0,14.849,2,0,0,0,8.367,3,2,2,2,0,N/A,N/A,3
"April 14, 2026",Tuesday,0,0,12.317,0,0,0,0,7.95,3,3,3,2,0,N/A,N/A,4
"April 15, 2026",Wednesday,0,8.4,13.433,0,2,0,0,4.883,4,3,2,1,0,N/A,N/A,5
"April 16, 2026",Thursday,0,0,10.767,4,0,0,0,3.767,3,4,2,3,0,N/A,N/A,3
"April 17, 2026",Friday,0,0,12.434,1,0,0,0,6.017,4,4,3,3,0,N/A,N/A,4
"April 18, 2026",Saturday,0,0,5.4,2,0,0,0,4.533,3,2,3,3,0,N/A,N/A,5
"April 19, 2026",Sunday,11.583,11.583,15.901,2,0,3,4,3.45,5,4,5,5,2,11:04 AM - 01:04 PM / 01:51 PM - 11:26 PM,Bug Fix / Projectile Entity Re-implementation / Base Class Refactorization / GitHub Action Fixes / Beta Release,5
"April 20, 2026",Monday,0,0,13.817,2,0,0,0,4.5,1,3,1,3,0,N/A,N/A,5
"April 21, 2026",Tuesday,2.85,2.85,16,0,0,0,1,4.417,3,3,3,3,3,03:07 AM - 04:48 AM / 11:46 AM - 12:56 PM / 01:26 PM - 03:55 PM,Version Planning / Block Implementation / Stat Feature Implementation,5
"April 22, 2026",Wednesday,6.533,6.533,17.8,2,0,0,1,3.3,2,3,3,2,1,12:30 AM - 07:02 AM,Feature Implementation,5
"April 23, 2026",Thursday,4.833,4.833,10.983,2,0,1,0,7.3,3,3,3,3,3,01:04 AM - 02:15 AM / 07:29 PM - 10:16 PM / 11:07 PM - 11:59 PM,Feature Implementation,4
"April 24, 2026",Friday,9.967,9.967,20.234,5,0,2,2,2.6,5,5,4,5,1,12:00 AM - 09:58 AM,Custom Crafting System Implementation,4
"April 25, 2026",Saturday,0,7.9,16.983,2,0,1,0,4.833,3,3,2,4,3,N/A,N/A,4
"April 26, 2026",Sunday,0,13.666,14.783,5,0,0,0,3.95,4,2,2,3,3,N/A,N/A,4
"April 27, 2026",Monday,0,0,10.2,1,0,0,0,12.117,3,2,1,1,0,N/A,N/A,5
"April 28, 2026",Tuesday,0.15,0.15,11.651,2,0,0,0,0,1,1,1,1,1,11:50 PM - 11:59 PM,Superclass Abstraction,3
"April 29, 2026",Wednesday,10,10,13.65,2,0,0,0,8.233,1,1,1,1,3,12:00 AM - 02:34 AM / 03:46 PM - 06:45 PM / 07:32 PM - 11:59 PM,Superclass Abstraction / Superclass Implementation,3
"April 30, 2026",Thursday,5.4,5.4,10.534,5,0,0,1,0,2,1,2,1,2,12:00 AM - 01:39 AM / 03:35 AM - 07:20 AM,Refactorization / Bug Fixes,1
"May 01, 2026",Friday,0,0,11.833,4,0,0,0,6.267,1,1,1,2,0,N/A,N/A,1
"May 02, 2026",Saturday,3.267,3.267,15.017,2,0,1,4,6.583,5,3,4,5,1,08:43 PM - 11:59 PM,Bug Fixes / UI Fixes / Full Feature Implementation,1
"May 03, 2026",Sunday,12.3,12.3,15.85,6,0,2,4,2.15,5,3,3,4,3,03:20 AM - 08:40 AM / 10:45 AM - 03:52 PM / 10:08 PM - 11:59 PM,Bug Fixes / UI Fixes / Full Feature Implementation / Block Modeling and Texturing,1
"May 04, 2026",Monday,4.667,4.667,12.517,5,0,2,4,8.917,5,4,3,4,1,12:00 AM - 04:40 AM,JSON Modelling / Feature Implementation / Bug Fixes,1
"May 05, 2026",Tuesday,5.133,7.4,17.184,3,0,1,0,0,4,2,2,2,1,01:13 AM - 06:21 AM,"AA Turret Modelling, Texturing, and Animation / Bug Fix",1
"May 06, 2026",Wednesday,0,0,7.567,1,0,0,0,7.467,5,4,1,3,0,N/A,N/A,1
"May 07, 2026",Thursday,8.484,7.684,17.867,4,0,0,2,4,4,4,5,5,2,02:56 AM - 08:03 AM / 08:36 PM - 11:59 PM,Animation / Feature Implementation,1
"May 08, 2026",Friday,7.084,5.967,15.033,4,0,2,2,5.6,3,3,3,4,3,12:00 AM - 03:09 AM / 04:45 AM - 06:43 AM / 10:52 PM - 11:59 PM,Feature Implementation / CI/CD Improvement / Feature Fine Tuning / Bug Fixes,1
"May 09, 2026",Saturday,11.933,11.933,12.183,3,0,0,3,1.33,2,1,3,3,2,12:00 AM - 07:33 AM / 11:41 AM - 04:19 PM,Feature Implementation / Refactorization,1
